stock_number,stock_code,stock_name,weblink,price
0001,SCTH,Supercomnet Tech,supercomnet-technologies-bhd,1.33
0002,KOIN,Kotra Industries,kotra-industries-bhd,5.11
0005,UCRE,UCrest,palette-multimedia-bhd,0.145
0006,PINE,Pineapple Resources Bhd,pineapple-resources-bhd,0.8
0007,PUCB,PUC,puc-founder-msc-bhd,0.03
0008,WLOW,Willowglen MSC,willowglen-msc-bhd,0.365
0010,IRIB,IRIS Corporation,iris-corporation-bhd,0.09
0011,BECH,Brite Tech,brite-tech-bhd,0.31
0012,THEA,Three A Resources Bhd,three-a-resources-bhd,0.81
0017,XOXT,XOX Tech Bhd,m3-technologies-asia-bhd,0.035
0018,LAMB,Lambo,accsoft-technology-bhd,0.02
0020,NETX,NetX,netx-holdings-bhd,0.07
0021,GHLS,GHL Systems,ghl-systems-bhd,0.815
0022,PARL,Parlo Bhd,parlo-bhd,0.115
0023,IFCA,IFCA MSC,ifca-msc-bhd,0.29
0024,JAGB,JAG,jag-bhd,0.325
0025,YBSI,YBS Intl,lng-resources-bhd,0.715
0026,NOVS,Nova MSC,nova-msc-bhd,0.115
0028,SCPE,Scope Industries Bhd,scope-industries-bhd,0.135
0029,DIGS,Digistar,digistar-corporation-bhd,0.07
0032,RTON,Redtone International,redtone-international-bhd,0.67
0034,MMAG,MMAG Holdings,mmag-holdings-bhd,0.01
0035,OPCM,OPCOM,opcom-holdings-bhd,0.77
0036,KGRP,Key Alliance,key-alliance-group-bhd,0.01
0037,RGBI,RGB International Bhd,rgb-international-bhd,0.335
0038,ARTR,Artroniq Berhad,plastrade-technology-bhd,0.755
0039,GFMS,GFM Services,gfm-services,0.18
0040,OPYS,OpenSys M,opensys-m-bhd,0.32
0041,HONG,Hong Seng Consolidated Bhd,panpages-bhd,0.085
0043,MTNC,Metronic Global Bhd,metronic-global-bhd,0.015
0045,SOUH,Southern Score Builders Berhad,g-neptune-bhd,0.2
0048,ANCO,Ancom Logistics,ancom-logistics-bhd,0.14
0049,OCEA,Oceancash Pacific,oceancash-pacific-bhd,0.3
0050,SYST,Systech,systech-bhd,0.36
0051,CUSC,Cuscapi Berhad,cuscapi-berhad,0.19
0053,OSKV,OSK Ventures Intl,osk-ventures-international-bhd,0.455
0054,KARY,Karyon Industries,karyon-industries-bhd,0.17
0055,SSOL,Sersol Bhd,sersol-bhd,0.12
0056,NCTA,NCT Alliance Bhd,grand-flo-bhd,0.36
0058,JCBN,JCBNext Berhad,jobstreet-corporation-bhd,1.4
0059,ECOB,Ecobuilt Holdings Bhd,m-mode-bhd,0.085
0060,HARE,Harvest Miracle Capital Bhd,skh-consortium-bhd,0.105
0064,ECES,Efficient E Solutions,efficient-e-solutions-bhd,0.18
0065,EXFM,Excel Force MSC,excel-force-msc-bhd,0.395
0066,VSOL,Vsolar Group,vsolar-group-bhd,0.225
0068,ASDN,Asdion,asdion,0.03
0069,VINV,Vinvest Capital Holdings Bhd,vivocom-intl-holdings-bhd,0.08
0070,MQTE,MQ Tech,mq-technology-bhd,0.03
0072,ATSM,AT Systematization,at-systematization-bhd,0.01
0074,GOCE,Green Ocean,green-ocean-corporation-bhd,0.01
0075,LYCH,Lyc Healthcare,mexter-technology-bhd,0.205
0078,GDEX,GD Express Carrier,gd-express-carrier-bhd,0.19
0079,ALDR,Aldrich Resources Bhd,orion-lxl-bhd,0.03
0080,STRA,Straits Inter Logistics,raya-international-bhd,0.11
0081,REKA,Rekatech Capital Bhd,mega-sun-city-holdings-bhd,0.07
0082,GRNP,Green Packet,green-packet-bhd,0.035
0083,NVTE,Notion Vtec,notion-vtec-bhd,0.305
0084,FAST,Techfast,techfast-holdings-bhd,0.1
0085,MLBS,Mlabs Systems,mlabs-systems-bhd,0.02
0086,YGLC,YGL Convergence,ygl-convergence-bhd,0.14
0089,TXCY,Tex Cycle Technology M Bhd,tex-cycle-technology-m-bhd,0.76
0090,ELSR,Elsoft Research,elsoft-research-bhd,0.575
0091,PROE,Propel Global Bhd,daya-materials-bhd,0.175
0092,MTOU,mTouche Tech,mtouche-technology-bhd,0.04
0093,SLEG,Solution Engineering,solution-engineering-holdings-bhd,0.215
0094,ZENT,Zen Tech International Bhd,inix-technologies-holdings-bhd,0.02
0095,MAGH,MAG Holdings Berhad,xinghe-holdings-bhd,0.2
0096,NEXG,Nexgram,nexgram-holdings-bhd,0.015
0097,VTRX,ViTrox Corp,vitrox-corporation-bhd,8.07
0098,BAHV,Bahvest Resources Bhd,borneo-aqua-harvest-bhd,0.32
0099,SCCM,Scicom MSC Bhd,scicom-msc-bhd,1.14
0100,ESCM,ES Ceramics Technology Bhd,es-ceramics-technology-bhd,0.18
0101,TMCN,TMC Life Sciences Bhd,tmc-life-sciences-bhd,0.62
0102,WAJA,Waja Konsortium Bhd,connectcounty-holdings-bhd,0.08
0103,MNCW,M N C Wireless,m-n-c-wireless-bhd,0.135
0104,GTCY,Genetec Tech,genetec-technology-bhd,2.54
0105,ASPY,Asia Poly,asia-poly-holdings-bhd,0.09
0106,REXT,Rexit,rexit-bhd,0.765
0107,EDUS,Eduspec,eduspec-holdings-bhd,0.035
0108,NNCB,N2N Connect,n2n-connect-bhd,0.49
0109,SCST,SC Estate Builder,sc-estate-builder-bhd,0.035
0111,KONE,K-One Tech,k-one-technology-bhd,0.15
0112,MIKB,Mikro MSC,mikro-msc-bhd,0.22
0113,MMST,MMS Ventures Bhd,mms-ventures-bhd,0.61
0116,FCDY,Focus Dynamics,focus-dynamics-group-bhd,0.02
0117,SMRS,SMRT,smrt-holdings-bhd,0.685
0118,TRIV,Trive Property Group,eti-tech-corporation-bhd,0.065
0119,APPA,Appasia,appasia-bhd,0.105
0120,VSDY,VisDynamics,visdynamics-holdings-bhd,0.425
0122,AIMD,Advance Info Marketing,advance-information-marketing-bhd,0.205
0123,PRTB,Privasia Technology Bhd,privasia-technology-bhd,0.105
0126,MCRK,Microlink Solutions,microlink-solutions-bhd,0.91
0127,JHMC,JHM Consolidation Bhd,jhm-consolidation-bhd,0.81
0128,FRKN,Frontken Corp,frontken-corporation-bhd,3.36
0129,SIVR,Silver Ridge,silver-ridge-holdings-bhd,0.64
0131,DIVF,Divfex Bhd,diversified-gateway-solutions-bhd,0.12
0132,TOEX,TechnoDex,technodex-bhd,0.075
0133,SAIH,Sanichi Techn,sanichi-technology-bhd,0.02
0136,GRYB,Greenyield,greenyield-bhd,0.205
0138,MYEG,MY EG Services,my-eg-services-bhd,0.74
0140,XOXN,Xox Networks Bhd,sterling-progress-bhd,0.025
0143,KYAC,Key ASIC,key-asic-bhd,0.075
0145,TFPS,TFP Solutions,tfp-solutions-bhd,0.055
0146,JFTB,JF Tech,jf-tech,0.88
0147,INNY,Innity Corporation,innity-corporation-bhd,0.38
0148,SZBB,Sunzen Biotech,sunzen-biotech-bhd,0.195
0149,FIBN,Fibon,fibon-bhd,0.485
0150,FINT,Fintec Global,asia-bioenergy-technologies-bhd,0.005
0151,KELG,Kelington Group,kelington-group-bhd,1.52
0152,DGBA,DGB Asia,dgb-asia-bhd,0.01
0153,OVER,Oversea Enterprise Bhd,oversea-enterprise-bhd,0.11
0154,EAHL,EA,ea-holdings-bhd,0.005
0155,MGRC,Malaysian Genomics,malaysian-genomics-resource,0.455
0156,MANS,Managepay Systems,managepay-systems-bhd,0.145
0157,FOPT,Focus Point Holdings Bhd,focus-point-holdings-bhd,0.8
0158,SCCH,SCC,scc-holdings-bhd,0.325
0159,ASMG,Asia Media,asia-media-group-bhd,0.14
0160,HIAP,Hiap Huat,hiap-huat-holdings-bhd,0.13
0161,HEXA,Hextar Industries Bhd,sch-group-bhd,0.47
0162,WIDA,Widad Bhd,ideal-jacobs-malaysia-corporation,0.42
0163,CARE,Careplus Group,careplus-group-bhd,0.29
0165,XOXB,XOX Bhd,xox-bhd,0.015
0166,INAR,Inari Amertron,inari-amertron-bhd,3.1
0167,MCLN,MClean Technologies,mclean-technologies-bhd,0.125
0168,BOIL,Boilermech,boilermech-holdings-bhd,0.75
0169,SMTR,Smtrack,smtrack-bhd,0.03
0170,KANG,Kanger Intl,kanger-international-bhd,0.035
0171,PLHB,PeterLabs,peterlabs-holdings-bhd,0.185
0172,OCKG,OCK Group,ock-group-bhd,0.41
0172WB,OCKG_ta,Ock Group Bhd,ock-group-bhd-wnt,0.14
0173,CATH,Catcha Digital Bhd,rev-asia-bhd,0.425
0174,EVDB,Evd Bhd,idimension-consolidated-bhd,0.16
0175,HHRG,HHRG Bhd,heng-huat-resources-group-bhd,0.32
0176,KRON,Kronologi Asia,kronologi-asia-bhd,0.57
0177,PASU,Pasukhas Group,pasukhas-group-bhd,0.17
0178,SEDA,Sedania Innovator Bhd,sedania-innovator-bhd,0.215
0179,BIOA,Bioalpha,bioalpha-holdings-bhd,0.095
0180,KIMT,Kim Teck Cheong Consolidated Bhd,kim-teck-cheong-consolidated-bhd,0.235
0181,AEML,Aemulus Holdings Bhd,aemulus-holdings-bhd,0.34
0182,LKLI,LKL International Bhd,lkl-international-bhd,0.15
0183,SALU,Salutica Bhd,salutica-bhd,0.69
0185,HSSE,HSS Engineers,hss-engineers-bhd,0.52
0186,PERT,Perak Transit,perak-transit-bhd,1.09
0187,BCMA,BCM Alliance,bcm-alliance-bhd,0.015
0188,HLTG,HLT Global,hlt-global-bhd,0.18
0189,MATA,Matang,matang-bhd,0.09
0190,EVES,Eversafe Rubber,eversafe-rubber-bhd,0.245
0191,CABN,Cabnet Holdings,cabnet-holdings-bhd,0.235
0192,INTA,Inta Bina Group,inta-bina-group-bhd,0.235
0193,KINE,Kinergy Advancement Bhd,kejuruteraan-asastera,0.335
0195,BINC,Binasat Communications,binasat-communications,0.29
0196,QESG,QES,qes,0.6
0197,WEGM,Wegmans,wegmans,0.185
0198,GDBH,GDB,gdb,0.21
0198WA,GDBH_t,GDB Holdings Bhd,gdb-holdings-bhd-wnt,0.04
0199,TRIM,Tri-Mode,tri-mode,0.35
0200,REVE,Revenue Group,revenue-group,0.26
0201,NOVW,Nova Wellness,nova-wellness,0.685
0202,RADI,Radiant Globaltech,radiant-globaltech,0.35
0203,SECU,Securemetric,securemetric-berhad,0.135
0205,DPIH,Dpi,dpi-holdings,0.18
0206,GAGA,Gagasan Nadi Cergas,gagasan-nadi-cergas,0.32
0207,MEST,Mestron Holdings,mestron-holdings,0.425
0208,GREA,Greatech Technology,greatech-technology-bhd,4.45
0209,AIMF,Aimflex Bhd,i-stone-group-bhd,0.16
0210,KIMI,Kim Hin Joo,kim-hin-joo,0.2
0211,TASH,Tashin Holdings Bhd,tashin-holdings-bhd,0.38
0212,SDSG,SDS Group Bhd,sds-group-bhd,0.64
0213,MTAG,Mtag Group Berhad,mtag-group-berhad,0.42
0215,SOLA,Solarvest,solarvest-holdings-bhd,1.24
0216,SPRN,Spring Art Holdings Bhd,spring-art-holdings-bhd,0.15
0217,POWR,Powerwell,powerwell-holdings-bhd,0.21
0218,ACOG,Aco Group Bhd,aco-group-bhd,0.22
0219,RESR,Reservoir Link Energy Bhd,reservoir-link-energy-bhd,0.34
0220,OCEN,Ocean Vantage Holdings Bhd,ocean-vantage-holdings-bhd,0.15
0221,TCSG,TCS Group Holdings Bhd,tcs-group-holdings-bhd,0.26
0222,OPTI,Optimax Holdings Sdn Bhd,optimax-holdings-sdn-bhd,0.705
0223,SAMA,Samaiden Group Bhd,samaiden-group-bhd,1.2
0225,SOUT,Southern Cable Group Bhd,southern-cable-group-bhd,0.335
0226,ANEK,Aneka Jaringan Holdings Bhd,aneka-jaringan-holdings-bhd,0.21
0227,ECOR,Econframe Bhd,econframe-bhd,0.9
0228,HPPH,HPP Holdings Bhd,hpp-holdings-bhd,0.32
0229,MOBI,Mobilia Holdings Bhd,mobilia-holdings-bhd,0.17
0230,TELA,Teladan Setia Bhd,teladan-setia-bhd,1.17
0231,FLEX,Flexidynamic Holdings Bhd,flexidynamic-holdings-bhd,0.14
0232,VOLC,Volcano Bhd,volcano-bhd,0.94
0233,PEKA,Pekat Bhd,pekat-bhd,0.46
0235,NEST,Nestcon Bhd,nestcon-bhd,0.365
0236,RAMS,Ramssol Bhd,ramssol-bhd,0.33
0237,HAIL,Haily Bhd,haily-bhd,0.39
0238,CEKD,CEKD Bhd,cekd-bhd,0.5
0239,ECOM,Ecomate Holdings Bhd,ecomate-holdings-bhd,0.73
0240,CORA,Coraza Integrated Tech Bhd,coraza-integrated-tech-bhd,0.76
0241,SIAB,Siab Holdings Bhd,siab-holdings-bhd,0.14
0242,PAPP,Pappajack Bhd,pappajack-bhd,0.975
0243,CENG,Cengild Medical Bhd,cengild-medical-bhd,0.36
0245,MNHL,MN Holdings Bhd,mn-holdings-bhd,0.28
0246,CNER,Cnergenz Bhd,cnergenz-bhd,0.765
0247,UNIT,Unitrade Industries Bhd,unitrade-industries-bhd,0.27
0248,YEWL,Yew Lee Pacific Bhd,yew-lee-pacific-bhd,0.355
0249,LGMS,LGMS Bhd,lgms-bhd,1.16
0250,YXPR,YX Precious Metals Bhd,yx-precious-metals-bhd,0.27
0251,SFPT,SFP Tech Holdings Bhd,sfp-tech-holdings-bhd,1.13
0252,ORGA,Orgabio Holdings Bhd,orgabio-holdings-bhd,0.26
0253,INFO,Infoline Tec Bhd,infoline-tec-bhd,0.785
0255,ECOS,Ecoscience International Bhd,ecoscience-international-bhd,0.37
0256,UMED,UMediC Bhd,umedic-bhd,0.705
0257,UNIQ,Unique Fire Holdings Bhd,unique-fire-holdings-bhd,0.2
0258,AGMO,Agmo Holdings Bhd,agmo-holdings-bhd,0.62
0259,SNSN,SNS Network Tech Bhd,sns-network-tech-bhd,0.235
0260,PTRS,PT Resources Holdings Bhd,pt-resources-holdings-bhd,0.51
0261,COSO,Cosmos Tech International Bhd,cosmos-tech-international-bhd,0.45
0262,SUNV,Sunview Bhd,sunview-bhd,0.9
0263,BETA,Betamek Bhd,betamek-bhd,0.52
0265,INFM,Infomina Bhd,infomina-bhd,1.77
0266,LEFO,Leform Bhd,leform-bhd,0.21
0267,ECAI,ECA Integrated Solution Bhd,eca-integrated-solution-bhd,0.895
0268,LPGL,L P Global Bhd,l-p-global-bhd,0.48
0269,DSSI,DS Sigma Holdings Bhd,ds-sigma-holdings-bhd,0.38
0270,NATI,Nationgate Holdings Bhd,nationgate-holdings-bhd,1.6
0271,WELL,Wellspire Holdings Bhd,wellspire-holdings-bhd,0.81
0272,TTVS,Tt Vision Holdings Bhd,tt-vision-holdings-bhd-kl,1.11
0273,VEST,Vestland Bhd,vestland-bhd,0.35
0275,OPPS,Oppstar Bhd,oppstar-bhd,1.73
0276,AUTC,Autocount Dotcom Bhd,autocount-dotcom-bhd,0.625
0277,CLOD,Cloudpoint Tech Bhd,cloudpoint-tech-bhd,0.51
0278,EDEL,Edelteq Holdings Bhd,edelteq-holdings-bhd,0.61
0279,SYNE,Synergy House Bhd,synergy-house-bhd,0.39
0283,DCHE,DC Healthcare Holdings Bhd,dc-healthcare-holdings-bhd,0.45
03001,CLOU,Cloudaron Bhd,cloudaron-bhd,0.03
03002,REDH,Red Ideas Holdings Bhd,red-ideas-holdings-bhd,0.15
03005,METO,Metro Healthcare,metro-healthcare,0.63
03008,SLIN,SL Innovation Capital Bhd,sl-innovation-capital-bhd,0.69
03011,AMLE,Amlex Holdings Bhd,amlex-holdings-bhd,0.38
03012,BABA,Baba Eco Bhd,baba-eco-bhd,0.44
03013,TOPV,Topvision Eye Specialist,topvision-eye-specialist,0.75
03016,CARL,Carlo Rino Bhd,crg,0.2
03017,UNIW,Uni Wall Aps Holdings,uni-wall-aps-holdings,0.79
03018,SUPR,Supreme Consolidated Resources,supreme-consolidated-resources,0.68
03019,MATI,Matrix Parking Solution Holdings Bhd,matrix-parking-solution-hold,0.18
03021,EQUI,Equitiestracker Holdings Bhd,equitiestracker-holdings-bhd,0.2
03022,MCOM,MCOM Holdings Bhd,mcom-holdings-bhd,0.2
03023,SMIL,Smile Link Healthcare,smile-link-healthcare,0.195
03025,ENES,Enest Bhd,enest-bhd,0.14
03027,MMSI,MMIS Bhd,mmis-bhd,0.5
03029,GPPR,GPP Resources Bhd,gpp-resources-bhd,0.0
03030,IDBT,IDB Technologies Bhd,idb-technologies-bhd,0.2
03031,POLD,Polydamic Bhd,polydamic-bhd,0.4
03032,ASTA,Astramina Group Berhad,astramina-group-berhad,0.37
03033,SUPG,Supergenics Bhd,supergenics-bhd,0.22
03036,REDP,RedPlanet Bhd,redplanet-bhd,0.24
03038,ICTZ,ICT Zone Asia Bhd,ict-zone-asia-bhd,0.21
03040,JISH,Jishan Bhd,jishan-bhd,0.39
03041,ONET,Onetech Solutions Holdings Bhd,onetech-solutions-holdings-bhd,0.2
03046,DYNF,Dynafront Holdings Bhd,dynafront-holdings-bhd,0.9
03047,LIMS,Lim Seong Hai Capital Bhd,lim-seong-hai-capital-bhd,0.88
03048,CARZ,Carzo Holdings Bhd,carzo-holdings-bhd,0.6
03049,STEH,Steel Hawk Bhd,steel-hawk-bhd,0.28
03050,SUNM,Sunmow Holding Bhd,sunmow-holding-bhd,1.1
03051,ALPH,Alpha Ocean Resources Bhd,alpha-ocean-resources-bhd,3.09
03052,RAYG,Ray Go Solar Holdings Bhd,ray-go-solar-holdings-bhd,0.2
03053,CCIN,CC International Bhd,cc-international-bhd,0.35
03055,DSRT,DSR Taiko Bhd,dsr-taiko-bhd,0.91
03057,SANC,Sancy Bhd,sancy-bhd,0.32
1015,AMMB,AMMB,ammb-holdings-bhd,3.69
1023,CIMB,CIMB Group,bumiputra---commerce-holdings-bhd,5.35
1058,MNLF,Manulife,manulife-holdings-bhd,1.86
1066,RHBC,RHB Bank,rhb-capital-bhd,5.55
1082,HLCB,Hong Leong Financial,hong-leong-financial-group-bhd,17.68
1147,GLOL,Global Oriental,global-oriental-bhd,0.225
1155,MBBM,Malayan Banking,malayan-banking-bhd,8.92
1163,AINM,Allianz Malaysia,allianz-malaysia-bhd,14.28
1171,MBSS,Malaysia Building,malaysia-building-society-bhd,0.805
1198,MAAS,MAA,maa-group-bhd,0.315
1287,PGKN,Pan Malaysia,pan-malaysia-holdings-bhd,0.06
1295,PUBM,Public Bank,public-bank-bhd,3.98
1368,UEME,UEM Edgenta,faber-group-bhd,0.98
1481,ADVA,Advance Synergy,advance-synergy-bhd,0.16
1503,GUOL,GuocoLand,guocoland-(malaysia)-bhd,0.64
1538,SYML,Symphony Life,symphony-life-bhd,0.345
1562,SPOR,Berjaya Sports Toto,berjaya-sports-toto-bhd,1.51
1589,IWCI,Iskandar Waterfront City,iskandar-waterfront-city-bhd,0.385
1619,DRBM,DRB Hicom,drb---hicom-bhd,1.46
1643,LMHS,Landmarks,landmarks-bhd,0.125
1651,MYRS,Malaysian Resources,malaysian-resources-corporation,0.375
1694,MNCS,Menang Corp,menang-corporation-(m)-bhd,0.765
1724,PRMS,Paramount Corp,paramount-corporation-bhd,0.91
1818,BMYS,Bursa Malaysia,bursa-malaysia-bhd,6.51
1899,BTKW,Batu Kawan,batu-kawan-bhd,20.96
1902,PIPB,Pinehill Pacific,pinehill-pacific-bhd,0.345
1929,CTPB,Chin Teck Plantations,chin-teck-plantations-bhd,7.82
1961,IOIB,IOI Corp,ioi-corporation-bhd,4.07
1996,KREK,Kretam,kretam-holdings-bhd,0.605
2038,NSOS,Negri Sembilan Oil Palms,negri-sembilan-oil-palms-bhd,3.45
2054,TDMS,TDM,tdm-bhd,0.19
2062,HARR,Harbour Link,harbour-link-group-bhd,1.13
2089,UTPS,United Plantations,united-plantations-bhd,16.06
2097,METB,Meta Bright Bhd,eastland-equity-bhd,0.175
2127,COMF,Comfort Gloves,integrated-rubber-corporation,0.375
2135,GOPK,Gopeng,gopeng-bhd,0.35
2143,ECMI,ECM Libra Financial,ecm-libra-financial-group-bhd,0.205
2186,KCDS,Kuchai Develop,kuchai-develop-bhd,1.3
2224,SDGS,Selangor Dredging,selangor-dredging-bhd,0.48
2259,TALA,Talam Transform,talam-transform-bhd,0.01
2283,ZLAN,Zelan,zelan-bhd,0.035
2291,GENP,Genting Plantations,genting-plantations-bhd,5.95
2305,AYER,AYER,tahps-group-bhd,7.15
2429,TANC,Tanco,tanco-holdings-bhd,0.555
2445,KLKK,Kuala Lumpur Kepong,kuala-lumpur-kepong-bhd,23.32
2453,KLRK,Kluang Rubber,kluang-rubber-company-malaya,3.73
2488,ALLI,Alliance Bank Malaysia,malaysian-plantations-bhd,3.4
2542,RVWL,Riverview Rubber Estates,riverview-rubber-estates-bhd,3.59
2569,SBRK,Sungei Bagan Rubber,sungei-bagan-rubber-malaya,3.35
2593,UMRS,United Malacca,united-malacca-bhd,5.26
2607,IKEN,Inch Kenneth Kajang Rubber,inch-kenneth-kajang-rubber-plc,0.415
2658,AJIN,Ajinomoto Malaysia,ajinomoto-(malaysia)-bhd,16.8
2674,ALCO,Alcom Bhd,aluminium-company-of-malaysia,0.805
2682,PARW,Parkwood Holdings Bhd,amalgamated-industrial-steel,0.14
2739,TECA,TechnaX Bhd,sino-hua-an-international,0.015
2755,FCWH,FCW,fcw-holdings-bhd,1.03
2828,CIHB,CI,ci-holdings-bhd,3.18
2836,CBMS,Carlsberg Brewery,carlsberg-brewery-malaysia-bhd,20.8
2852,CMSM,Cahya Mata Sarawak,cahya-mata-sarawak-bhd,1.04
2984,FACN,FACB Industries,facb-industries-incorporated,1.43
3018,OLYM,Olympia Industries Bhd,olympia-industries-bhd,0.08
3026,DBMS,Dutch Lady Milk,dutch-lady-milk-industries-bhd,21.48
3034,HAPS,Hap Seng Consolidated,hap-seng-consolidated-bhd,3.24
3042,PTMR,Petron Refining,petron-malaysia-refining-marketing,4.62
3069,MEGA,Mega First Corp,mega-first-corporation-bhd,3.21
3107,FIMA,Fima Corp,fima-corporation-bhd,1.93
3158,YNHB,YNH Property,ynh-property-bhd,4.9
3174,LAND,Land General,land-general-bhd,0.115
3182,GENT,Genting,genting-bhd,4.22
3204,GKMS,George Kent,george-kent-(malaysia)-bhd,0.455
3239,BERJ,Berjaya Assets,berjaya-assets-bhd,0.3
3247,GUHB,GUH,guh-holdings-bhd,0.44
3255,HEIN,Heineken,guinness-anchor-bhd,26.5
3298,HXZS,Hexza Corp,hexza-corporation-bhd,0.855
3301,HLIB,Hong Leong Ind,hong-leong-industries-bhd,8.98
3336,IJMS,IJM Corp,ijm-corporation-bhd,1.47
3379,INSS,Insas,insas-bhd,0.83
3395,BGRO,Berjaya Corp,berjaya-corporation-bhd,0.305
3417,ENOB,Eastern & Oriental,eastern---oriental-bhd,0.36
3441,JHHS,Johan,johan-holdings-bhd,0.055
3476,KSMS,Keck Seng Malaysia,keck-seng-malaysia-bhd,4.13
3514,MRHB,Marco,marco-holdings-bhd,0.22
3557,ECOF,EcoFirst Cons,ecofirst-consolidated-bhd,0.345
3565,WCEH,WCE Holdings,kumpulan-europlus-bhd,0.685
3573,LHCK,Lien Hoe Corp,lien-hoe-corporation-bhd,0.28
3611,PARA,Paragon Globe Bhd,goh-ban-huat-bhd,0.26
3662,MFMS,Malayan Flour Mills,malayan-flour-mills-bhd,0.62
3689,FRAS,Fraser Neave,fraser-neave-holdings-bhd,24.9
3719,PMMY,Panasonic Manufacture,panasonic-manufacture-malaysia,20.02
3743,SUNS,Sunsuria Bhd,sunsuria-bhd,0.455
3778,MSTM,Melewar Industrial Group,melewar-industrial-group,0.255
3794,MALY,Lafarge Malayan Cement,lafarge-malayan-cement-bhd,3.08
3816,MISC,MISC,misc-bhd,7.14
3859,MAGM,Magnum,magnum-bhd,1.07
3867,MPIM,Malaysian Pacific Ind,malaysian-pacific-industries,30.02
3883,MUDA,Muda Holdings Bhd,muda-holdings-bhd,1.46
3891,MUIB,Malayan United Industries Bhd,malayan-united-industries-bhd,0.06
3905,MITC,Mulpha Int,mulpha-international-bhd,2.49
3913,MUIP,MUI Properties,mui-properties-bhd,0.18
3948,DUTA,Dutaland,dutaland-bhd,0.295
4006,OTLS,Oriental,oriental-holdings-bhd,6.4
4022,MAXI,Maxim Global Bhd,tadmax-resources-bhd,0.185
4057,APHB,Asian Pac,asian-pac-holdings-bhd,0.11
4065,PEPT,PPB,ppb-group-bhd,16.56
4081,PMCS,Pan Malaysia Corp,pan-malaysia-corporation-bhd,0.195
4162,BATO,BAT Malaysia,british-american-tobacco-(m)-bhd,10.3
4197,SIME,Sime Darby,sime-darby-bhd,2.12
4219,BLAD,Berjaya Land,berjaya-land-bhd,0.275
4235,LLBM,Lion Industries Corp,lion-industries-corp,0.315
4243,WTKH,WTK,wtk-holdings-bhd,0.445
4251,IBHD,I Bhd,i-bhd,0.245
4286,SEAL,SEAL Incorporated Bhd,seal-incorporated-bhd,0.515
4316,SHCS,Sin Heng Chan,sin-heng-chan-(malaya)-bhd,0.305
4324,HENY,Hengyuan Refining,shell-refining-company,3.36
4359,TURY,Turiya Bhd,turiya-bhd,0.185
4375,SMIS,South Malaysia Ind,south-malaysia-industries-bhd,0.715
4383,JTIA,Jaya Tiasa,jaya-tiasa-holdings-bhd,0.715
4405,TNCS,Tan Chong Motor,tan-chong-motor-holdings-bhd,1.07
4448P,TKCS_p,Tasek,tasek-corporation-bhd-pref,6.14
4456,DNEX,Dagang Nexchange,dagang-nexchange-bhd,0.465
4464,PEGA,Pegasus Heights Bhd,naim-indah-corporation-bhd,0.01
4502,MPRM,Media Prima,media-prima-bhd,0.44
4588,UMWS,UMW,umw-holdings-bhd,3.95
4596,SRCS,Sapura Resources,sapura-resources-bhd,0.435
4634,PSHL,POS Malaysia & Srvcs,pos-malaysia-services-holdings-bhd,0.55
4677,YTLS,YTL Corp,ytl-corporation-bhd,1.13
4707,NESM,Nestle,nestle-(malaysia)-bhd,131.8
4715,GENM,Genting Malaysia,genting-malaysia-bhd,2.54
4723,JAKS,JAKS Resources,jaks-resources-bhd,0.195
4731,STIK,Scientex Bhd,scientex-bhd,3.53
4758,ANCM,Ancom,ancom-bhd,1.01
4847,KSTM,Epicon Bhd,konsortium-transnasional-bhd,0.225
4863,TLMM,Telekom Malaysia Bhd,telekom-malaysia-bhd,5.0
4936,MHBS,Malpac,malpac-holdings-bhd,0.88
4944,NMBS,Nylex Malaysia Bhd,nylex-malaysia-bhd,0.485
4995,VSTL,Versatile Creative Bhd,versatile-creative-bhd,0.595
5000,HUMC,Hume Industries,hume-industries-bhd,1.58
5001,MIEC,Mieco Chipboard Bhd,mieco-chipboard-bhd,0.63
5005,UNSM,Unisem M,unisem-m-bhd,3.4
5006,STEL,Stella Holdings Bhd,merge-energy-bhd,0.785
5007,CWHB,Chin Well,chin-well-holdings-bhd,1.42
5008,HSON,Harrisons,harrisons-holdings-(malaysia),8.85
5009,WHSE,White Horse Bhd,white-horse-bhd,0.6
5010,THRB,Tong Herr Resources Bhd,tong-herr-resources-bhd,2.6
5011,MNGA,Mesiniaga,mesiniaga-bhd,1.2
5012,TAAN,Ta Ann,ta-ann-holdings-bhd,3.6
5014,MAHB,Malaysia Airport,malaysia-airport-holdings-bhd,6.88
5015,APMA,APM Automotive,apm-automotive-holdings-bhd,2.23
5016,WATC,Warisan TC Holdings Bhd,warisan-tc-holdings-bhd,1.09
5020,GLOM,Glomac,glomac-bhd,0.335
5021,AYSV,AYS Ventures,ays-ventures-bhd,0.4
5022,PAOS,Paos,paos-holdings-bhd,0.25
5024,HSIB,Hup Seng Industries,hup-seng-industries-bhd,0.675
5025,AURH,Auro Holdings Bhd,nwp-holdings-bhd,0.175
5026,MHCP,MHC Plantations,mhc-plantations-bhd,0.92
5027,KIML,Kim Loong Resources,kim-loong-resources-bhd,1.84
5028,HEIT,HeiTech Padu,heitech-padu-bhd,0.605
5029,FEHS,Far East,far-east-holdings-bhd,3.66
5031,TCOM,TIME Dotcom,time-dotcom-bhd,5.35
5032,BPOT,Bintulu Port,bintulu-port-holdings-bhd,5.05
5035,KNUS,Knusford,knusford-bhd,0.65
5036,EDSB,Edaran Bhd,edaran-bhd,0.515
5037,CPGT,Compugates,compugates-holdings-bhd,0.01
5038,KSLH,KSL,ksl-holdings-bhd,0.835
5040,MERI,Meridian,meda-inc-bhd,0.08
5041,PBAH,PBA Holdings Bhd,pba-holdings-bhd,0.805
5042,TSRP,TSR Capital,tsr-capital-bhd,0.255
5047,NPCR,NPC Resources Bhd,npc-resources-bhd,1.81
5048,YBVE,YB Ventures Bhd,yi-lai-bhd,0.31
5049,CVIE,Country View,country-view-bhd,0.98
5053,OSKH,OSK,osk-holdings-bhd,1.1
5054,TRCG,TRC Synergy,trc-synergy-bhd,0.335
5056,ETEX,Engtex,engtex-group-bhd,0.6
5062,HUAY,Hua Yang,hua-yang-bhd,0.295
5065,ORPA,Ornapaper Bhd,ornapaper-bhd,0.94
5066,NTPM,NTPM,ntpm-holdings-bhd,0.405
5068,LTER,Luster Industries Bhd,luster-industries-bhd,0.08
5069,BLDN,BLD Plantation,bld-plantation-bhd,10.54
5070,PRTO,Protasco,protasco-bhd,0.175
5071,CTAL,Coastal Contracts,coastal-contracts-bhd,2.15
5072,HTVE,Hiap Teck Venture,hiap-teck-venture-bhd,0.33
5073,NCHB,Naim,naim-holdings-bhd,0.765
5075,PLET,Plenitude,plenitude-bhd,0.91
5077,MBCB,Malaysian Bulk Carriers,malaysian-bulk-carriers-bhd,0.31
5078,MARI,Marine General,silk-holdings-bhd,0.175
5079,ONEG,One Glove Bhd,kbes-bhd,0.25
5080,POHK,Poh Kong,poh-kong-holdings-bhd,0.855
5081,ESTH,Esthetics Int,esthetics-international-group,0.355
5082,ANNU,Annum Bhd,cymao-holdings-bhd,0.18
5084,IBRC,Ibraco,ibraco-bhd,0.605
5085,MJYA,Mudajaya,mudajaya-group-bhd,0.19
5087,MYCS,Mycron Steel Bhd,mycron-steel-bhd,0.345
5088,APES,Apex Equity,apex-equity-holdings-bhd,1.16
5090,MDCH,Media Chinese Int,media-chinese-international-ltd,0.155
5094,CSTH,CSC Steel,csc-steel-holdings-bhd,1.15
5095,HEVE,HeveaBoard,heveaboard-bhd,0.325
5098,MSWK,Malaysia Steel Works KL Bhd,malaysia-steel-works-kl-bhd,0.32
5099,CAPI,Capital A Berhad,airasia-bhd,0.85
5100,BPPL,BP Plastics,bp-plastics-holding-bhd,1.21
5101,EVGN,Evergreen Fibreboard,evergreen-fibreboard-bhd,0.285
5102,GNCH,Guan Chong,guan-chong-bhd,2.14
5104,CITR,Citra Nusa Holdings Bhd,cni-holdings-bhd,0.06
5105,CNON,Can One,can-one-bhd,2.89
5106,AXSR,Axis Real Estate Investment Trust,axis-real-estate-investment-trust,1.82
5107,IQGH,IQ,iq-group-holdings-bhd,0.84
5109,YTLR,YTL Hospitality REIT,ytl-hospitality-reit,0.97
5110,UOAR,UOA REIT,uoa-reit,1.13
5111,TWRE,Tower Real Estate,tower-real-estate,0.42
5112,THPB,TH Plantations,th-plantations-bhd,0.57
5113,RIMB,Rimbunan Sawit,rimbunan-sawit-bhd,0.145
5115,ALMT,Alam Maritim Res,alam-maritim-resources-bhd,0.03
5116,ALQA,Al Aqar,al-aqar-healthcare-reit,1.26
5120,AMFL,AmFIRST,amfirst,0.335
5121,HEKR,Hektar REIT,hektar-reit,0.64
5123,SENT,Sentral REIT,mrcb-quill-unit,0.83
5125,PNTE,Pantech Group Holdings Bhd,pantech-group-holdings-bhd,0.765
5126,SOPS,Sarawak Oil Palms,sarawak-oil-palms-bhd,2.65
5127,AMRY,AmanahRaya Real Estate,amanahraya-real-estate,0.45
5129,MEHB,Melati Ehsan,melati-ehsan-holdings-bhd,0.52
5130,ATRL,Atrium,atrium,1.41
5131,ZHCO,Zhulian Corp,zhulian-corporation-bhd,1.88
5132,DLEU,Deleum,deleum-bhd,0.9
5133,PTRE,Petra Energy Bhd,petra-energy-bhd,0.8
5134,SOUS,Southern Acids M Bhd,southern-acids-m-bhd,3.43
5135,SPLN,Sarawak Plantation,sarawak-plantation-bhd,2.16
5136,HEXE,Hextar Tech Solutions Bhd,complete-logistic-services-bhd,26.5
5138,HAPP,Hap Seng Plantations,hap-seng-plantations-holdings-bhd,1.95
5139,ANCR,Aeon Credit Service,aeon-credit-service-(m)-bhd,12.0
5140,TASC,Tasco Bhd,tasco-bhd,0.83
5141,DEHB,Dayang Enterprise,dayang-enterprise-holdings-bhd,1.4
5142,WASC,Wasco Bhd,wah-seong-corporation-bhd,0.98
5143,LCBH,Luxchem Corp,luxchem-corporation-bhd,0.455
5145,SLKI,Sealink International Bhd,sealink-international-bhd,0.085
5147,SAHB,Samchem Holdings Bhd,samchem-holdings-bhd,0.555
5148,UMSB,UEM Sunrise,uem-sunrise-bhd,0.435
5149,TSOF,TAS Offshore Bhd,tas-offshore-bhd,0.2
5151,HEXT,Hextar Global,halex-holdings-bhd,0.8
5152,MUBL,Muar Ban Lee Group Bhd,muar-ban-lee-group-bhd,0.47
5156,XIDE,XiDeLang,xidelang-holdings-ltd,0.02
5157,SAUD,Saudee,saudee-group-bhd,0.025
5159,YGON,Yoong Onn Corp,yoong-onn-corporation-bhd,1.35
5160,HOME,Homeritz Corp,homeritz-corporation-bhd,0.47
5161,JCYI,JCY Int,jcy-international-bhd,0.175
5162,VSTE,ECS ICT,ecs-ict-bhd,1.33
5163,SERE,Seremban Engineering Bhd,seremban-engineering-bhd,0.81
5165,DFCI,Dfcity Group Bhd,hock-heng-stone-industries-bhd,0.38
5166,MIND,Cyberjaya Education Bhd,masterskill-education-group,0.125
5167,TURB,Turbo Mech Bhd,turbo-mech-bhd,0.72
5168,HTHB,Hartalega,hartalega-holdings-bhd,2.08
5169,HHCS,Ho Hup Construction,ho-hup-construction-company,0.27
5170,SACB,Sarawak Cable Bhd,sarawak-cable-bhd,0.08
5171,KICB,Kimlun Corp,kimlun-corporation-bhd,0.725
5172,SINA,Sinaran Advance Bhd,k-star-sports-ltd,0.05
5173,SHIN,Shin Yang Shipping Corporation Bhd,shin-yang-shipping-corporation-bhd,0.615
5175,IVRY,Ivory Properties,ivory-properties-group-bhd,0.08
5176,SUNW,Sunway Real Estate Invest Trust,sunway-real-estate-invest-trust,1.52
5178,INGE,Ingenieur Gudang Bhd,tatt-giap-group-bhd,0.115
5180,CAMA,CapitaLand Malaysia Mall,capitamalls-malaysia-trust,0.52
5182,AVAL,Avaland Bhd,gw-plastics-holdings-bhd,0.19
5183,PCGB,Petronas Chemicals,petronas-chemicals-group-bhd,6.5
5184,CYPR,Cypark Res Berhad,cypark-resources-berhad,0.805
5185,AFIN,AFFIN,affin-holdings-bhd,1.92
5186,MHEB,Malaysia Marine and Heavy Eng,malaysia-marine-heavy-engineering,0.58
5187,HBGL,HB Global,hb-global-ltd,0.13
5188,COWH,China Ouhua Winery,china-ouhua-winery-holdings,0.055
5190,BENL,Benalec,benalec-holdings-bhd,0.095
5191,TAMB,Tambun Indah Land,tambun-indah-land-bhd,0.91
5192,KSSC,K Seng Seng Corp,k-seng-seng-corporation-bhd,1.2
5195,CNSH,Censof,censof-holdings-bhd,0.225
5196,BJFO,Berjaya Food,berjaya-food-bhd,0.715
5197,FOLU,Focus Lumber,focus-lumber-bhd,0.49
5198,ABMF,ABM Fujiya,abm-fujiya-bhd,0.38
5199,HIBI,Hibiscus Petroleum BHD,hibiscus-petroleum-bhd,0.925
5200,UOAD,UOA Development,uoa-development-bhd,1.76
5202,MSMH,MSM Malaysia,msm-malaysia-holdings-bhd,1.13
5204,AWAN,Awanbiru Technology Bhd,prestariang-bhd,0.395
5205,ESCB,Eversendai Corp,eversendai-corporation-bhd,0.15
5207,SIAH,SBC Corp,sbc-corp-bhd,0.52
5208,EITA,EITA Resources,eita-resources-bhd,0.695
5209,GASM,Gas Malaysia,gas-malaysia-bhd,3.02
5210,BUAB,Bumi Armada,bumi-armada-bhd,0.535
5211,SWAY,Sunway,sunway-bhd,1.67
5211PA,SWAYq,Sunway Bhd,sunway-bhd-prf,1.6
5211WB,SWAY_ta,Sunway,sunway-berhad,0.32
5212,PREI,Pavilion REIT,pavilion-real-estate-inv-trust,1.23
5213,SNTO,Sentoria,sentoria-group-bhd,0.06
5216,DSON,Datasonic,datasonic-group-bhd,0.44
5218,SAEN,Sapura Energy,sapurakencana-petroleum-bhd,0.035
5219,PEIN,PESTECH Intl,pestech-international-bhd,0.295
5220,GLOT,Globaltec Formation,globaltec-formation-bhd,0.485
5222,FGVH,FGV Holdings Bhd,felda-global-ventures-holdings-bhd,1.43
5223,MENT,Mentiga Corporation Bhd,mentiga-corporation-bhd,0.435
5225,IHHH,IHH Healthcare,ihh-healthcare-bhd,5.85
5226,GAQR,Gabungan,gabungan-aqrs-bhd,0.31
5227,IGRE,IGB REIT,igb-real-estate-investment-trust,1.66
5228,ELKD,ELK-Desa Resources,elk-desa-resources-bhd,1.25
5230,TUNE,Tune Protect Group Bhd,tune-protect-group-bhd,0.405
5231,PELK,Pelikan Int,pelikan-international-corp,0.815
5232,LEON,Leon Fuat,leon-fuat-bhd,0.515
5235SS,KLCC,KLCC Property,klcc-prop-reits---stapled-sec,6.8
5236,MATR,Matrix Concepts,matrix-concepts-holdings-bhd,1.38
5237,MPHB,MPHB Capital,mphb-capital-bhd,1.04
5238,AIRX,AirAsia X,airasia-x-bhd,1.79
5239,TITI,Titijaya Land,titijaya-land-bhd,0.265
5242,SOIL,Solid Automotive,solid-automotive-bhd,0.185
5243,VELE,Velesto Energy,umw-oil-and-gas-corporation,0.23
5246,WPHB,Westports,westports-holdings-bhd,3.57
5247,KARE,Karex,karex,0.56
5248,BERA,Bermaz Auto,berjaya-auto-bhd,1.99
5249,IOIP,IOI Properties,ioi-properties-group-bhd,1.24
5250,SEVE,7 Eleven,7-eleven-malaysia-holdings-bhd,2.0
5252,SAHO,Sasbadi,sasbadi-holdings-bhd,0.205
5253,ECOH,Econpile,econpile-holdings-bhd,0.215
5254,BOPL,Boustead Plantations,boustead-plantations-bhd,1.08
5255,ICON,Icon Offshore,icon-offshore-bhd,0.07
5256,RESE,Reach Energy,reach-energy-bhd,0.035
5257,CARM,Carimin Petroleum,carimin-petroleum-bhd,0.855
5258,BIMB,Bank Islam Malaysia Bhd,bimb-holdings-bhd,2.1
5259,EATE,EA Technique M,ea-technique-m-bhd,0.16
5260,ONLY,Only World,only-world-group-holdings-bhd,0.565
5263,SCOG,Sunway Construction Group Bhd,sunway-construction-group-bhd,1.71
5264,MALA,Malakoff Corporation Bhd,malakoff-corporation-bhd,0.615
5265,DOLP,Dolphin International Bhd,dolphin-international-bhd,0.02
5267,XINW,Xin Hwa Holdings Bhd,xin-hwa-holdings-bhd,0.235
5268,TOPB,Top Builders Capital Bhd,ikhmas-jaya-group-bhd,0.02
5269,ALSA,Al-Salam Real Estate,al-salam-real-estate-investment,0.465
5270,RED,Red Sena Bhd,red-sena-bhd,0.505
5271,PECC,Pecca Group,pecca-group-bhd,1.05
5272,RANH,Ranhill Holdings,symphony-house-bhd,0.54
5273,CHIU,Chin Hin Bhd,chin-hin-group-bhd,4.27
5274,HLGC,Hong Leong Capital Bhd,hong-leong-capital-bhd,6.16
5275,MYNE,myNEWS,bison-consolidated-bhd,0.465
5276,DNCO,Dancomech,dancomech-holdings-bhd,0.41
5277,FOUN,FoundPac,foundpac-group-bhd,0.425
5278,RHON,Rhone Ma,rhone-ma-holdings-bhd,0.7
5279,SERB,Serba Dinamik,serba-dinamik-holdings-bhd,0.02
5280,KIPR,KIP REIT,kip-real-estate-investment-trust,0.9
5281,ADVN,Advancecon Holdings,advancecon-holdings-bhd,0.35
5283,ECOD,Eco World Intl,eco-world-international-bhd,0.615
5284,LOTT,Lotte Chemical,lotte-chemical-titan,1.24
5285,SIPL,Sime Darby Plantation,sime-darby-plantation,4.57
5286,MITE,MI Technovation,mi-equipment,1.57
5288,SIPR,Sime Darby Property,sime-darby-property,0.555
5289,TECB,Techbond,techbond-group,0.37
5291,HPMT,HPMT Holdings,hpmt-holdings-bhd,0.345
5292,UWCB,Uwc,uwc-bhd,3.42
5293,AMEE,AME Elite Consortium Bhd,ame-elite-consortium-bhd,1.36
5295,INNA,Innature Bhd,innature-bhd,0.6
5296,MRDI,Mr D I Y,mr-d-i-y-group-m-bhd,1.44
5297,TUJU,Tuju Setia Bhd,tuju-setia-bhd,0.2
5298,OMHO,OM Holdings,om-holdings?cid=1178743,1.77
5299,IGBC,IGB Commercial Real Estate Investment Trust Unt,igb-commercial-reit-unt,0.505
5300,YENH,Yenher Holdings Bhd,yenher-holdings-bhd,0.95
5301,CTOS,CTOS Digital Bhd,ctos-digital-bhd,1.39
5302,AURE,Aurelius Tech Bhd,aurelius-tech-bhd,2.5
5303,SWIF,Swift Haulage Bhd,swift-haulage-bhd,0.49
5305,SENH,Senheng New Retail Bhd,senheng-new-retail-bhd,0.37
5306,FARM,Farm Fresh Bhd,farm-fresh-bhd,1.1
5307,AMER,AME REIT Unt,ame-reit-unt,1.24
5308,SENG,Seng Fong Holdings Bhd,seng-fong-holdings-bhd,0.69
5309,ITMA,Itmax System Bhd,itmax-system-bhd,1.42
5310,KUMP,Kumpulan Kitacon Bhd,kumpulan-kitacon-bhd,0.67
5311,CAPE,Cape EMS Bhd,cape-ems-bhd,1.24
5313,RADU,Radium Dev Bhd,radium-dev-bhd,0.35
5315,SKYW,SkyWorld Dev Bhd,skyworld-dev-bhd,0.7
5316,MSTG,MST Golf Bhd,mst-golf-bhd,0.78
5318,DXNO,DXN Holdings Bhd,dxn-holdings-bhd,0.71
5347,TENA,Tenaga Nasional,tenaga-nasional-bhd,9.46
5371,KIMH,Kim Hin Industry Bhd,kim-hin-industry-bhd,0.45
5398,GAMU,Gamuda,gamuda-bhd,4.57
5401,TROP,Tropicana Corp,tropicana-corporation-bhd,1.29
5436,PSTM,Perusahaan Sadur Timah,perusahaan-sadur-timah,4.07
5517,SHGM,Shangri La Hotels Malaysia,shangri-la-hotels-malaysia-bhd,2.57
5533,OCBB,OCB Bhd,ocb-bhd,0.69
5568,APBS,APB Resources,apb-resources-bhd,2.29
5576,MNHO,Minho M Bhd,minho-m-bhd,0.295
5592,GRAN,Grand Central Enterprises,grand-central-enterprises-bhd,0.35
5606,IGBB,IGB,goldis-bhd,2.14
5614,ILBG,ILB Bhd,integrated-logistics-bhd,0.45
5622,PIMP,Pimpinan Eshan,triplc-bhd,1.38
5649,GROS,Golden Pharos,golden-pharos-bhd,0.29
5657,PRKN,Parkson,parkson-holdings-bhd,0.21
5665,STEE,Southern Steel Bhd,southern-steel-bhd,0.525
5673,JENT,Jentayu Sustainables Bhd,ipmuda-bhd,1.02
5681,PETR,Petronas Dagangan,petronas-dagangan-bhd,22.18
5703,MUHI,Muhibbah Engineering,muhibbah-engineering-m-bhd,0.68
5738,CHHB,Country Heights,country-heights-holdings-bhd,0.37
5789,LBSB,LBS Bina,lbs-bina-group-bhd,0.475
5789PA,LBSBq,LBS Bina Pref,lbs-bina,0.925
5797,CHOO,Choo Bee Metal Ind,choo-bee-metal-industries-bhd,0.92
5819,HLBB,Hong Leong Bank,hong-leong-bank-bhd,18.94
5827,OINT,Oriental Interest,oriental-interest-bhd,1.17
5843,KPSB,Kumpulan Perangsang Selangor,kumpulan-perangsang-selangor,0.695
5878,KPJH,KPJ Healthcare,kpj-healthcare-bhd,1.11
5908,DELM,DKSH Malaysia Berhad,dksh-holdings-malaysia-berhad,4.91
5916,MSCB,Malaysia Smelting,malaysia-smelting-corp,2.2
5932,BPUR,Bina Puri,bina-puri-holdings-bhd,0.035
5983,MBMR,MBM Resources,mbm-resources-bhd,3.45
6009,PACO,Pacific Orient,pacific-orient-bhd,1.02
6012,MXSC,Maxis,maxis-bhd,4.05
6017,SHLC,SHL Consolidated,shl-consolidated-bhd,2.0
6033,PGAS,Petronas Gas,petronas-gas-bhd,17.0
6041,FLIM,Farlim,farlim-group-(malaysia)-bhd,0.23
6068,PCCS,PCCS,pccs-group-bhd,0.41
6076,ENCR,Encorp,encorp-bhd,0.27
6084,STAR,Star Media Group Bhd,star-media-group-bhd,0.415
6114,METR,MKH,mkh-bhd,1.31
6139,TAKA,Syarikat Takaful,syarikat-takaful-malaysia-bhd,3.45
6149,MROD,Metrod Bhd,metrod-holdings-bhd,1.38
6173,BDBS,Bina Darulaman,bina-darulaman-bhd,0.285
6181,MLTO,Malton,malton-bhd,0.41
6203,KHEE,Khee San,khee-san-bhd,0.13
6211,KIAL,Kia Lim Bhd,kia-lim-bhd,0.34
6254,PDZH,PDZ Holdings Bhd,pdz-holdings-bhd,0.03
6262,INNO,Innoprise Plantations,innoprise-plantations-bhd,1.34
6297,BPAK,Box Pak,box-pak-(malaysia)-bhd,0.855
6351,AMWA,Amway,amway-(malaysia)-holdings-bhd,5.32
6378,WMGH,WMG Holdings Bhd,tekala-corporation-bhd,0.085
6399,ASTR,Astro Malaysia,astro-malaysia-holdings-bhd,0.515
6432,AFHB,Apollo Food,apollo-food-holdings-bhd,4.2
6459,MNRB,MNRB,mnrb-holdings-bhd,0.98
6483,KNNK,K N Kenanga,k-n-kenanga-holdings-bhd,0.895
6491,KFIM,Kumpulan Fima,kumpulan-fima-bhd,2.1
6521,SURI,Suria Capital Holdings Bhd,suria-capital-holdings-bhd,1.28
6556,ANNJ,Ann Joo Resources,ann-joo-resources-bhd,1.15
6556PA,ANNJq,Ann Joo Resources Pref,ann-joo-resources-bhd-pref,0.45
6599,AEOM,AEON Co,aeon-co-(m)-bhd,1.22
6602,BCBB,BCB,bcb-bhd,0.285
6633,LEOG,Leong Hup International Berhad,leong-hup-international-berhad,0.525
6637,PNEB,PNE PCB Bhd,pne-pcb-bhd,0.065
6645,LTKH,Lingkaran Trans Kota,lingkaran-trans-kota-holdings-bhd,0.51
6718,CREC,Crescendo Corp,crescendo-corporation-bhd,1.42
6742,YTLP,YTL Power Int,ytl-power-international-bhd,1.3
6769,JKGL,JKG Land,keladi-maju-bhd,0.1
6807,PNHB,Puncak Niaga,puncak-niaga-holdings-bhd,0.305
6815,EUPE,Eupe Corp,eupe-corporation-bhd,0.83
6874,KUBM,KUB Malaysia,kub-malaysia-bhd,0.525
6888,AXIA,Axiata,axiata-group-bhd,2.6
6904,SUBU,Subur Tiasa Holdings Bhd,subur-tiasa-holdings-bhd,0.87
6912,PDEC,Pasdec,pasdec-holdings-bhd,0.31
6939,FIAM,Fiamma,fiamma-holdings-bhd,0.925
6947,CELC,CelcomDigi Bhd,digi.com-bhd,4.43
6963,VSID,VS Industry Bhd,vs-industry-bhd,0.845
6971,KOBA,Kobay Tech,kobay-tech-bhd,1.95
6998,BKCB,Bintai Kinden Corp,bintai-kinden-corporation-bhd,0.07
7003,YGCB,Y&G Corp,y-g-corp-bhd,0.765
7004,MCEI,MCE Holdings,multi-code-electronics-industries,1.81
7005,BIGI,BIG Industries,big-industries-bhd,0.69
7006,RHOG,Rhong Khen International Bhd,latitude-tree-holdings-bhd,1.26
7007,ARKS,ARK Resources,ark-resources-bhd,0.245
7010,PTTY,PTT Synergy Bhd,grand-hoover-bhd,1.04
7013,HUBE,HUBLine,hubline-bhd,0.04
7014,YLIH,YLI Holdings Bhd,yli-holdings-bhd,0.36
7016,CHRB,Chuan Huat Res,chuan-huat-resources-bhd,0.44
7017,KOMK,Komarkcorp Bhd,komarkcorp-bhd,0.045
7018,CMEG,CME,cme-group-bhd,0.025
7020,ASTE,Asteel Bhd,ykgi-holdings-bhd,0.115
7022,GNIC,Globetronics Tech,globetronics-tech-bhd,1.6
7025,WLAN,Woodlandor Holdings Bhd,woodlandor-holdings-bhd,0.795
7028,ZCON,ZECON,zecon-bhd,0.39
7029,MSTP,Master Pack,master-pack-group-bhd,2.64
7031,AMTH,Amtel Holdings Bhd,amtel-holdings-bhd,0.605
7033,KHLH,Kumpulan H L High Tech,kumpulan-h-l-high-tech,0.89
7034,TGIB,Thong Guan Industries Bhd,thong-guan-industries-bhd,2.12
7035,CCKH,CCK Consolidated Holdings,cck-consolidated-holdings,0.72
7036,BRNL,Borneo Oil,borneo-oil-bhd,0.015
7043,JADE,Jade Marvel Bhd,jmr-conglomeration-bhd,0.185
7045,SCES,Scomi Energy Services Bhd,scomi-energy-services-bhd,0.005
7047,FAJA,Fajarbaru Builder,fajarbaru-builder-group-bhd,0.29
7048,ATLA,Atlan,atlan-holdings-bhd,2.88
7050,WENG,Wong Engineering Corp,wong-engineering-corp,0.36
7052,PDNI,Padini,padini-holdings-bhd,3.9
7053,SCHB,See Hup Consolidated Bhd,see-hup-consolidated-bhd,0.99
7054,AASB,Astral Asia,astral-asia-bhd,0.12
7055,PLBE,PLB Engineering,plb-engineering-bhd,1.06
7060,NHFH,New Hoong Fatt,new-hoong-fatt-holdings-bhd,2.79
7062,KHIN,Khind,khind-holdings-bhd,2.67
7066,YONG,Yong Tai,yong-tai-bhd,0.43
7066PA,YONGq,Yong Tai Pref,yong-tai-bhd-pref,0.09
7070,VIZI,Vizione Holdings,astral-supreme-bhd,0.045
7071,OCRG,OCR,takaso-resources-bhd,0.075
7071PA,OCRGq,OCR Bhd,oc-resources-bhd,0.015
7073,SCER,Seacera Group Bhd,seacera-group-bhd,0.21
7076,CBIP,CB Industrial Product,cb-industrial-product-holding,1.1
7077,KERA,Kerjaya Prospek Property Bhd,gsb-group-bhd,0.675
7078,AZRB,Ahmad Zaki Res,ahmad-zaki-resources-bhd,0.24
7079,TWLH,TWL Holdings Bhd,tiger-synergy-bhd,0.035
7080,PMJU,Permaju Industries Bhd,permaju-industries-bhd,0.045
7081,PHMA,Pharmaniaga Bhd,pharmaniaga-bhd,0.39
7082,MAEQ,M A Equity Holdings Bhd,syf-resources-bhd,0.26
7083,ANRE,Analabs Resources,analabs-resources-bhd,1.37
7084,QRES,QL Resources,ql-resources-bhd,5.42
7085,LTKM,LTKM,ltkm-bhd,1.48
7086,ABEL,Able,ablegroup-bhd,0.12
7087,MATE,Magni Tech Ind,magni-tech-industries-bhd,1.89
7088,PHUA,Poh Huat Resources,poh-huat-resources-holdings,1.3
7089,LHEN,Lii Hen Industries,lii-hen-industries-bhd,0.84
7090,APER,Apex Healthcare,apex-healthcare-bhd,2.48
7091,UMEC,Unimech Group Bhd,unimech-group-bhd,1.62
7094,ESAN,Eurospan,eurospan-holdings-bhd,1.15
7095,PIEN,PIE Industrial Bhd,pie-industrial-bhd,2.81
7096,JOEH,Joe Holding Bhd,gpa-holdings-bhd,0.015
7097,TWHB,Ta Win Holdings Bhd,ta-win-holdings-bhd,0.04
7099,MAYU,Mayu Global Bhd,smpc-corporation-bhd,0.29
7100,UCHI,Uchi Technologies Bhd,uchi-technologies-bhd,3.5
7103,SPTZ,Spritzer,spritzer-bhd,1.44
7105,HCKC,HCK Capital,hck-capital-group-bhd,2.13
7106,SUPM,Supermax Corp,supermax-corporation-bhd,0.82
7107,OFIH,Oriental Food Ind,oriental-food-industries-hold,1.08
7108,PTRD,Perdana Petroleum,perdana-petroleum,0.165
7113,TPGC,Top Glove Corp,top-glove-corporation-bhd,0.88
7114,DNCE,Dnonce Tech,dnonce-tech-bhd,0.14
7115,SKBC,SKB Shutters Corporation Bhd,skb-shutters-corporation-bhd,0.345
7117,CJCE,CJ Century Logistics,century-logistics-holdings-bhd,0.435
7120,AXTE,Axteria Group Bhd,acoustech-bhd,0.17
7121,XLHO,XL Holdings Bhd,xian-leng-holdings-bhd,0.845
7123,PWPB,Priceworth International,priceworth-international,0.155
7128,CRSM,CAM Resources,cam-resources-bhd,0.4
7129,AFCB,Asia File Corp,asia-file-corporation-bhd,1.82
7130,RENE,Reneuco Bhd,kumpulan-powernet-bhd,0.22
7131,ACME,Acme,acme-holdings-bhd,0.205
7132,SMBH,SMISoration Bhd,smis-corporation-bhd,0.8
7133,UULI,United U Li Corporation,united-u-li-corporation,1.0
7134,PWFC,PW Consolidated,pw-consolidated-bhd,0.735
7137,UMSH,UMS Holdings Bhd,ums-holdings-bhd,1.76
7139,NICH,Niche Capital Emas,niche-capital-emas-holdings,0.155
7140,OKAC,Oka Corporation Bhd,oka-corporation-bhd,0.66
7145,AGES,Ageson Bhd,prinsiptek-corporation-bhd,0.03
7146,AEMU,AE Multi,ae-multi-holdings-bhd,0.015
7148,DUOP,Duopharma Biotech,ccm-duopharma-biotech-bhd,1.31
7149,ENGH,Eng Kah Corp,eng-kah-corporation-bhd,0.4
7152,JAYC,Jaycorp,jaycorp-bhd,0.695
7153,KRIB,Kossan Rubber Ind,kossan-rubber-industries-bhd,1.37
7154,CLAS,Classita Holdings Bhd,caely-holdings-bhd,0.15
7155,SKPR,SKP Resources Bhd,skp-resources-bhd,0.915
7157,CYLC,CYL Corp,cyl-corporation-bhd,0.525
7160,PMAS,Pentamaster Corp,pentamaster-corporation-bhd,5.29
7161,KREJ,Kerjaya Prospek,fututech-bhd,1.1
7162,ATNO,Astino,astino-bhd,0.515
7163,PJSB,PJBumi Bhd,pjbumi-bhd,0.97
7164,KNMP,KNM Group Bhd,knm-group-bhd,0.08
7165,CSHA,CSH Alliance Bhd,spring-gallery-bhd,0.04
7167,ABLE,Able Global,johore-tin-bhd,1.28
7168,PRGH,Prg,prg-holdings-bhd,0.215
7169,DOMN,Dominant Enterprise,dominant-enterprise-bhd,0.745
7170,LFEC,LFE Corp,lfe-corporation-bhd,0.145
7172,PMBT,PMB Technology Bhd,pmb-technology-bhd,3.79
7173,TOYO,Toyo Ventures Holdings Bhd,toyo-ink-group-bhd,1.34
7174,CABC,CAB Cakaran Corp,cab-cakaran-corporation-bhd,0.655
7176,TPCP,TPC Plus,tpc-plus-bhd,0.31
7178,YSPS,YSP Southeast Asia,ysp-southeast-asia-holding-bhd,2.47
7179,LAGE,Lagenda Properties Bhd,d.b.e.-gurney-resources-bhd,1.17
7180,SKOU,Sern Kou Resources,sern-kou-resources-bhd,0.595
7181,ARBB,Arb,aturmaju-resources-bhd,0.095
7183,IQZA,Iqzan Holding,ire-tex-corporation-bhd,0.025
7184,GLOA,G3 Global,yen-global-bhd,0.025
7186,SWSB,SWS Capital,sws-capital-bhd,0.255
7187,CHIN,Chin Hin Property,boon-koon-group-bhd,1.0
7188,BTMR,BTM Resources,btm-resources-bhd,0.095
7191,ADVE,Adventa,adventa-bhd,0.48
7192,GIIB,GIIB Holdings Bhd,goodway-integrated-industries,0.105
7195,CMNL,Comintel Corp,comintel-corporation-bhd,0.865
7197,GESH,Ge Shen Corp,ge-shen-corporation-bhd,1.44
7198,DPSS,DPS Resources,dps-resources-bhd,0.41
7199,KEHG,Kein Hing International Bhd,kein-hing-international-bhd,1.36
7200,TSHB,Tek Seng,tek-seng-holdings-bhd,0.315
7201,PGSV,Progressive Impact Corporation Bhd,progressive-impact-corporation-bhd,0.075
7202,CSCB,Classic Scenic,classic-scenic-bhd,0.43
7203,WGZH,Wang-Zheng Bhd,wang-zheng-bhd,0.73
7204,DOVT,D O Green Tech,d-o-green-technologies-bhd,3.98
7207,SCCE,Success Transformer Corp,success-transformer-corp,0.63
7208,ERHB,Euro,euro-holdings-bhd,0.08
7209,CETH,Cheetah,cheetah-holdings-bhd,0.125
7210,FMHB,FM Global Logistics Holdings Bhd,freight-management-holdings,0.55
7211,TAFI,TAFI Industries,tafi-industries-bhd,0.61
7212,DEST,Destini,destini-bhd,0.085
7214,ARNK,A Rank,a-rank-bhd,0.515
7215,NHSN,Ni Hsin Resources,ni-hsin-resources-bhd,0.125
7216,KWNF,Kawan Food,kawan-food-bhd,1.82
7217,EONM,Eonmetall,eonmetall-group-bhd,0.54
7218,TOCE,Transocean Bhd,transocean-holdings-bhd,1.85
7219,MNTH,Minetech Resources Bhd,minetech-resources-bhd,0.06
7221,BSLC,BSL Corp,bsl-corp-bhd,0.04
7222,IMSP,Imaspro Corp,imaspro-corporation-bhd,5.09
7223,JADI,Jadi Imaging,jadi-imaging-holdings-bhd,0.025
7225,PARB,P.A. Resources Bhd,p.a.-resources-bhd,0.27
7226,WATA,Watta Holding Bhd,watta-holding-bhd,0.595
7227,UMSN,UMS Neiken,ums-neiken-group-bhd,0.905
7228,TGLO,T7 Global,tanjung-offshore-bhd,0.47
7229,FVCO,Favelle Favco,favelle-favco-bhd,1.77
7230,TMEI,Tomei Consolidated,tomei-consolidated-bhd,1.08
7231,WCAL,Wellcall Holdings Bhd,wellcall-holdings-bhd,1.2
7232,RESN,Resintech Bhd,resintech-bhd,0.49
7233,DUFU,Dufu Tech Corp,dufu-tech-corp-bhd,1.9
7234,MESB,MESB Bhd,mesb-bhd,0.445
7235,SPLH,Superlon Holdings Bhd,superlon-holdings-bhd,0.65
7237,POWE,Power Root,power-root-bhd,2.0
7237WA,POWE_t,Power Root Bhd,power-root-warrant,0.495
7239,SCWF,Scanwolf Corporation Bhd,scanwolf-corporation-bhd,0.43
7240,INFR,Infraharta Holdings Bhd,voir-holdings-bhd,0.1
7241,NEXT,Nextgreen Global,bhs-industries-bhd,0.87
7243,IMPI,Impiana Hotels,bio-osmo-bhd,0.05
7245,CITA,Citaglobal Bhd,wz-satu-bhd,1.37
7246,SGNA,Signature Int,signature-international-bhd,1.26
7247,SCGB,SCGM Bhd,scgm-bhd,0.585
7248,SLPB,SLP Resources Bhd,slp-resources-bhd,0.89
7249,EWEI,Ewein,ewein-bhd,1.3
7250,UZMA,Uzma Bhd,uzma-bhd,0.7
7251,BARA,Barakah Offshore Petroleum,barakah-offshore-petroleum-bhd,0.06
7252,TSCP,Teo Seng Capital,teo-seng-capital-bhd,1.04
7253,HDEB,Handal Resources,handal-resources-bhd,0.165
7277,DIAL,Dialog,dialog-group-bhd,2.2
7285,TOMY,Tomypak Holdings Bhd,tomypak-holdings-bhd,0.415
7293,YINS,Yinson,yinson-holdings-bhd,2.55
7315,ARTW,AHB,ahb-holdings-bhd,0.145
7323,KENH,Ken,ken-holdings-bhd,0.525
7374,TWPH,Tien Wah Press Holdings,tien-wah-press-holdings,0.815
7382,GOLD,Golden Land,golden-land-bhd,0.235
7412,SHHR,SHH Resources,shh-resources-holdings-bhd,1.05
7439,TGPB,Teck Guan Perdana Bhd,teck-guan-perdana-bhd,1.68
7471,EDEN,Eden Inc,eden-inc-bhd,0.17
7498,RALC,Ralco Corporation Bhd,ralco-corporation-bhd,0.83
7501,HLEN,Harn Len Corp,harn-len-corporation-bhd,0.735
7528,DKLS,DKLS Industries,dkls-industries-bhd,2.16
7544,QCHB,Quality Concrete Holdings Bhd,quality-concrete-holdings-bhd,1.16
7579,AWCF,AWC,awc-bhd,0.49
7595,MGBB,MGB,ml-global-bhd,0.69
7609,AJIY,Ajiya,ajiya-bhd,1.47
7617,MAGN,Magna Prima,magna-prima-bhd,0.42
7668,BESH,Beshom Holdings Bhd,hai-o-enterprise-bhd,1.02
7676,GCAP,G Capital Bhd,gunung-capital-bhd,0.42
7692,MYTE,MyTech Bhd,widetech-malaysia-bhd,0.38
7722,ASIA,Asia Brands,asia-brands-bhd,0.505
7757,UPAB,UPA Corp,upa-corporation-bhd,0.79
7765,RAPD,Rapid Synergy Bhd,rapid-synergy-bhd,22.56
7773,EPMB,EP Manufacturing,ep-manufacturing-bhd,0.875
7803,HEXR,Hextar,rubberex-corporation-m,0.24
7811,SAPU,Sapura Industrial Bhd,sapura-industrial-bhd,0.845
7854,TWEL,Timberwell Bhd,timberwell-bhd,0.475
7889,THRI,Thriven Global,mulpha-land-bhd,0.11
7935,MILU,Milux Corp,milux-corporation-bhd,0.58
7943,MPIR,Mpire Global Bhd,len-cheong-holding-bhd,0.15
7986,CNAC,CN Asia Corp,cn-asia-corporation-bhd,0.18
8044,CFMS,Computer Forms,computer-forms-(malaysia)-bhd,0.17
8052,CENT,Central Industrial,central-industrial-corp,1.8
8079,LHTM,Lee Swee Kiat,lee-swee-kiat-group-bhd,0.815
8117,PGFC,PGF Capital Bhd,poly-glass-fibre-m-bhd,1.35
8125,SCIE,Scientex Packaging,daibochi-plastic-packaging,2.3
8133,BHIB,Boustead Heavy Ind,boustead-heavy-industries,0.4
8141,MJPR,Majuperak,majuperak-holdings-bhd,0.36
8176,ATAI,ATA IMS,denko-industrial-corporation,0.25
8192,MEIS,Mercury Industries Bhd,mercury-industries-bhd,0.97
8206,ECOW,Eco World Develop,eco-world-develop-group,0.88
8273,PPHB,Public Packages Holdings,public-packages-holdings,0.645
8303,LOTU,Lotus KFM Bhd,kuantan-flour-mills-bhd,0.275
8311,PESO,Pesona Metro Holdings Bhd,pesona-metro-holdings-bhd,0.175
8338,DATA,Dataprep,dataprep-holdings-bhd,0.175
8346,PERA,Perak Corporation Bhd,perak-corporation-bhd,0.31
8362,KYMH,KYM Bhd,kym-holdings-bhd,0.5
8397,TNTT,Tiong Nam Logistics Holdings Bhd,tiong-nam-logistics-holdings-bhd,0.71
8419,PANS,Pansar Bhd,pansar-bhd,0.585
8435,CONC,Concrete Engineering,concrete-engineering-products,0.935
8443,HILI,Hil Industries,hil-industries-bhd,0.995
8478,HWAT,Hwa Tai Industries,hwa-tai-industries-bhd,0.505
8486,LIOP,Lion Forest Ind,lion-forest-industries-bhd,0.44
8494,LBIP,LBI Capital,lbi-capital-bhd,0.52
8524,TWRK,Taliworks Corporation Bhd,taliworks-corporation-bhd,0.81
8532,PERM,Pertama Digital Berhad,sinotop-holdings-bhd,3.0
8567,SLCN,Salcon Bhd,salcon-bhd,0.185
8583,MAHS,Mah Sing,mah-sing-group-bhd,0.66
8591,CREH,Crest Builder,crest-builder-holdings-bhd,0.475
8605,FIHB,Federal International,federal-furniture-holdings-m,0.595
8605PA,FIHBq,Federal International,federal-furniture-holdings-m-bhd,0.13
8613,ENRA,Enra Group,perduren-(m)-bhd,0.585
8621,LOND,LPI Capital,lpi-capital-bhd,11.8
8648,JKBM,Jasa Kita,jasa-kita-bhd,0.12
8664,SETI,SP Setia,sp-setia-bhd,0.635
8664PA,SETIq,SP Setia Pref,s-p-setia-bhd,0.91
8672,KMDA,Kamdar,kamdar-group-(m)-bhd,0.24
8702,TEXC,Texchem Resources Bhd,texchem-resources-bhd,1.12
8745,SFCA,S F Capital Bhd,leweko-resources-bhd,0.12
8834,IRKA,Ireka Corp,ireka-corporation-bhd,0.49
8869,PMET,Press Metal Bhd,press-metal-bhd,4.81
8877,EKOV,Ekovest,ekovest-bhd,0.385
8885,AVIL,Avillion Bhd,reliance-pacific-bhd,0.06
8893,MKLH,M K Land,m-k-land-holdings-bhd,0.175
8907,EGCM,Eg Industries,eg-industries-bhd,1.61
8923,JIAN,Jiankun Int,jiankun-international-bhd,0.185
8931,JERA,Jerasia Capital,jerasia-capital-bhd,0.005
8966,PXUS,Prolexus,prolexus-bhd,0.405
8982,CPWA,Cepatwawasan,cepatwawasan-group-bhd,0.71
9008,OMES,Omesti,omesti-bhd,0.37
9016,EKSN,Eksons Corp,eksons-corp-bhd,0.515
9059,TSHR,TSH Resources,tsh-resources-bhd,1.01
9075,THET,Theta Edge,theta-edge-bhd,0.71
9083,JETS,Kumpulan Jetson,kumpulan-jetson-bhd,0.205
9091,EMIC,Emico,emico-holdings-bhd,0.29
9113,ICOI,Iconic Worldwide,sanbumi-holdings-bhd,0.12
9121,KPSC,KPS Consortium,kps-consortium-bhd,0.59
9148,APTB,Advanced Packaging Tech,advanced-packaging-tech-(m),0.66
9172,FPIB,Formosa Prosonic,formosa-prosonic-industries,2.58
9199,LYSA,Lysaght Galvanized Steel,lysaght-galvanized-steel,1.93
9237,SCIB,Sarawak Consolidated Industries,sarawak-consolidated-industries,0.435
9261,GADA,Gadang,gadang-holdings-bhd,0.325
9288,BONI,Bonia Corp,bonia-corporation-bhd,1.77
9296,REDI,RCE Capital Berhad,rce-capital-berhad,2.23
9318,FITT,Fitters Diversified,fitters-diversified-bhd,0.035
9326,LBAL,LB Aluminium Bhd,lb-aluminium-bhd,0.47
9334,KESM,KESM Industries,kesm-industries-bhd,7.41
9369,TGLB,Teo Guan Lee Corp,teo-guan-lee-corporation-bhd,1.07
9377,FUJI,FSBM,fsbm-holdings-bhd,0.26
9385,LAYH,Lay Hong,lay-hong-bhd,0.3
9393,INDU,Industronics,industronics-bhd,0.04
9407,PGON,Paragon Union,paragon-union-bhd,2.76
9423,CWGH,CWG Holdings Bhd,chee-wah-corp-bhd,0.325
9431,SENI,Seni Jaya Corporation Bhd,seni-jaya-corporation-bhd,0.51
9466,KKBE,KKB Engineering Berhad,kkb-engineering-berhad,1.35
9539,MUHB,Multi Usage Holdings Bhd,multi-usage-holdings-bhd,0.5
9571,MITR,Mitrajaya,mitrajaya-holdings-bhd,0.28
9598,PINT,Pintaras Jaya,pintaras-jaya-bhd,1.71
9601,HOWA,Ho Wah Genting,ho-wah-genting-bhd,0.08
9628,LEBT,Lebtech,lebtech-bhd,0.79
9679,WCTE,WCT,wct-holdings-bhd,0.45
9687,IDEA,Ideal United Bintang,ideal-united-bintang-bhd,2.0
9695,PLSB,PLS Plantations,pls-plantations-bhd,0.95
9717,SYCA,Sycal Ventures,sycal-ventures-bhd,0.19
9741,ROHA,Rohas Tecnic,tecnic-group-bhd,0.26
9776,SINM,Sinmah Capital,farms-best-bhd,0.115
9792,SEDU,SEG International Bhd,seg-international-bhd,0.69
9814,BERM,Bertam Alliance,bertam-alliance-bhd,0.08
9822,SAEG,Sam Engineering Equip,sam-engineering-equipment,4.8
9873,PTAR,Prestar Resources Bhd,prestar-resources-bhd,0.41
9881,LEAD,Leader Steel Bhd,leader-steel-holdings-bhd,0.45
9938,BPAC,Bright Packaging,bright-packaging-industry-bhd,0.17
9946,REXI,Rex Industry,rex-industry-bhd,0.105
9954,RGTB,RGT Bhd,asia-knight-bhd,0.28
9962,GMUT,Gromutual,gromutual-bhd,0.275
9997,PENS,Pensonic Holdings Bhd,pensonic-holdings-bhd,0.46
